model,seed,mae,rmse,nasa_score,n_test_engines
gru,42,11.368436536481303,17.612024627811685,2579.752820573215,248
gru,1337,10.620881109468398,15.826973546275642,1553.2497563300242,248
gru,2026,10.372282716535754,15.90258422554874,1596.7603422246395,248
lstm,42,11.351303573577635,17.382167619707502,1916.2527107427313,248
lstm,1337,10.385456988888402,15.795388433190745,1485.064751834153,248
lstm,2026,12.256637848192646,20.711110758266322,10326.046591953187,248
transformer,42,11.548616551583812,15.829559939586712,1359.6807896572568,248
transformer,1337,12.106810160221592,18.18715724997434,2489.341729698692,248
transformer,2026,10.489150524139404,15.144191119419398,1271.2453836117925,248
xgboost,42,11.252663706579517,16.027063291651114,1631.0915486361332,248
xgboost,1337,11.194660496327185,15.99185265596776,1313.5679641200118,248
xgboost,2026,11.083455540480152,15.75169940029375,1382.8388231566614,248
